hotel_name,review_id,attribute,star_value
"Marriott Vacation Club Pulse at Custom House, Boston",review_433426851,Location,5 of 5 bubbles
"Marriott Vacation Club Pulse at Custom House, Boston",review_433426851,Rooms,5 of 5 bubbles
"Marriott Vacation Club Pulse at Custom House, Boston",review_433426851,Service,5 of 5 bubbles
"Marriott Vacation Club Pulse at Custom House, Boston",review_433022432,Value,5 of 5 bubbles
"Marriott Vacation Club Pulse at Custom House, Boston",review_433022432,Sleep Quality,5 of 5 bubbles
"Marriott Vacation Club Pulse at Custom House, Boston",review_433022432,Service,5 of 5 bubbles
"Marriott Vacation Club Pulse at Custom House, Boston",review_431564898,Sleep Quality,5 of 5 bubbles
"Marriott Vacation Club Pulse at Custom House, Boston",review_431564898,Cleanliness,5 of 5 bubbles
"Marriott Vacation Club Pulse at Custom House, Boston",review_431564898,Service,5 of 5 bubbles
"Marriott Vacation Club Pulse at Custom House, Boston",review_428185627,Location,5 of 5 bubbles
"Marriott Vacation Club Pulse at Custom House, Boston",review_428185627,Rooms,5 of 5 bubbles
"Marriott Vacation Club Pulse at Custom House, Boston",review_428185627,Service,5 of 5 bubbles
"Marriott Vacation Club Pulse at Custom House, Boston",review_427012974,Location,5 of 5 bubbles
"Marriott Vacation Club Pulse at Custom House, Boston",review_427012974,Sleep Quality,5 of 5 bubbles
"Marriott Vacation Club Pulse at Custom House, Boston",review_427012974,Service,5 of 5 bubbles
"Marriott Vacation Club Pulse at Custom House, Boston",review_424529745,Value,5 of 5 bubbles
"Marriott Vacation Club Pulse at Custom House, Boston",review_424529745,Rooms,5 of 5 bubbles
"Marriott Vacation Club Pulse at Custom House, Boston",review_424529745,Service,5 of 5 bubbles
"Marriott Vacation Club Pulse at Custom House, Boston",review_424191708,Value,4 of 5 bubbles
"Marriott Vacation Club Pulse at Custom House, Boston",review_424191708,Rooms,5 of 5 bubbles
"Marriott Vacation Club Pulse at Custom House, Boston",review_424191708,Service,5 of 5 bubbles
"Marriott Vacation Club Pulse at Custom House, Boston",review_422924236,Location,4 of 5 bubbles
"Marriott Vacation Club Pulse at Custom House, Boston",review_422924236,Rooms,4 of 5 bubbles
"Marriott Vacation Club Pulse at Custom House, Boston",review_422924236,Service,5 of 5 bubbles
"Marriott Vacation Club Pulse at Custom House, Boston",review_420650797,Value,5 of 5 bubbles
"Marriott Vacation Club Pulse at Custom House, Boston",review_420650797,Cleanliness,5 of 5 bubbles
"Marriott Vacation Club Pulse at Custom House, Boston",review_420650797,Service,5 of 5 bubbles
"Marriott Vacation Club Pulse at Custom House, Boston",review_419521168,Location,5 of 5 bubbles
"Marriott Vacation Club Pulse at Custom House, Boston",review_419521168,Sleep Quality,4 of 5 bubbles
"Marriott Vacation Club Pulse at Custom House, Boston",review_419521168,Service,4 of 5 bubbles
"Marriott Vacation Club Pulse at Custom House, Boston",review_417792029,Value,5 of 5 bubbles
"Marriott Vacation Club Pulse at Custom House, Boston",review_417792029,Cleanliness,5 of 5 bubbles
"Marriott Vacation Club Pulse at Custom House, Boston",review_417792029,Service,5 of 5 bubbles
"Marriott Vacation Club Pulse at Custom House, Boston",review_416269245,Sleep Quality,5 of 5 bubbles
"Marriott Vacation Club Pulse at Custom House, Boston",review_416269245,Cleanliness,5 of 5 bubbles
"Marriott Vacation Club Pulse at Custom House, Boston",review_416269245,Service,5 of 5 bubbles
"Marriott Vacation Club Pulse at Custom House, Boston",review_416134759,Sleep Quality,5 of 5 bubbles
"Marriott Vacation Club Pulse at Custom House, Boston",review_416134759,Cleanliness,5 of 5 bubbles
"Marriott Vacation Club Pulse at Custom House, Boston",review_416134759,Service,5 of 5 bubbles
"Marriott Vacation Club Pulse at Custom House, Boston",review_414584980,Location,5 of 5 bubbles
"Marriott Vacation Club Pulse at Custom House, Boston",review_414584980,Rooms,4 of 5 bubbles
"Marriott Vacation Club Pulse at Custom House, Boston",review_414584980,Service,5 of 5 bubbles
"Marriott Vacation Club Pulse at Custom House, Boston",review_408108400,Value,4 of 5 bubbles
"Marriott Vacation Club Pulse at Custom House, Boston",review_408108400,Location,4 of 5 bubbles
"Marriott Vacation Club Pulse at Custom House, Boston",review_408108400,Service,5 of 5 bubbles
"Marriott Vacation Club Pulse at Custom House, Boston",review_407569749,Sleep Quality,5 of 5 bubbles
"Marriott Vacation Club Pulse at Custom House, Boston",review_407569749,Rooms,5 of 5 bubbles
"Marriott Vacation Club Pulse at Custom House, Boston",review_407569749,Service,5 of 5 bubbles
"Marriott Vacation Club Pulse at Custom House, Boston",review_403712783,Rooms,5 of 5 bubbles
"Marriott Vacation Club Pulse at Custom House, Boston",review_403712783,Cleanliness,5 of 5 bubbles
"Marriott Vacation Club Pulse at Custom House, Boston",review_403712783,Service,5 of 5 bubbles
"Marriott Vacation Club Pulse at Custom House, Boston",review_402192613,Location,5 of 5 bubbles
"Marriott Vacation Club Pulse at Custom House, Boston",review_402192613,Cleanliness,5 of 5 bubbles
"Marriott Vacation Club Pulse at Custom House, Boston",review_402192613,Service,5 of 5 bubbles
"Marriott Vacation Club Pulse at Custom House, Boston",review_398285564,Value,4 of 5 bubbles
"Marriott Vacation Club Pulse at Custom House, Boston",review_398285564,Rooms,5 of 5 bubbles
"Marriott Vacation Club Pulse at Custom House, Boston",review_398285564,Service,5 of 5 bubbles
"Marriott Vacation Club Pulse at Custom House, Boston",review_395880546,Value,5 of 5 bubbles
"Marriott Vacation Club Pulse at Custom House, Boston",review_395880546,Rooms,5 of 5 bubbles
"Marriott Vacation Club Pulse at Custom House, Boston",review_395880546,Service,5 of 5 bubbles
"Marriott Vacation Club Pulse at Custom House, Boston",review_394752575,Location,5 of 5 bubbles
"Marriott Vacation Club Pulse at Custom House, Boston",review_394752575,Cleanliness,5 of 5 bubbles
"Marriott Vacation Club Pulse at Custom House, Boston",review_394752575,Service,5 of 5 bubbles
"Marriott Vacation Club Pulse at Custom House, Boston",review_392351460,Location,5 of 5 bubbles
"Marriott Vacation Club Pulse at Custom House, Boston",review_392351460,Sleep Quality,5 of 5 bubbles
"Marriott Vacation Club Pulse at Custom House, Boston",review_392351460,Service,4 of 5 bubbles
"Marriott Vacation Club Pulse at Custom House, Boston",review_390251824,Sleep Quality,5 of 5 bubbles
"Marriott Vacation Club Pulse at Custom House, Boston",review_390251824,Rooms,5 of 5 bubbles
"Marriott Vacation Club Pulse at Custom House, Boston",review_390251824,Service,5 of 5 bubbles
"Marriott Vacation Club Pulse at Custom House, Boston",review_389816897,Rooms,5 of 5 bubbles
"Marriott Vacation Club Pulse at Custom House, Boston",review_389816897,Cleanliness,5 of 5 bubbles
"Marriott Vacation Club Pulse at Custom House, Boston",review_389816897,Service,5 of 5 bubbles
"Marriott Vacation Club Pulse at Custom House, Boston",review_388485170,Rooms,4 of 5 bubbles
"Marriott Vacation Club Pulse at Custom House, Boston",review_388485170,Cleanliness,5 of 5 bubbles
"Marriott Vacation Club Pulse at Custom House, Boston",review_388485170,Service,5 of 5 bubbles
"Marriott Vacation Club Pulse at Custom House, Boston",review_387644620,Value,5 of 5 bubbles
"Marriott Vacation Club Pulse at Custom House, Boston",review_387644620,Rooms,5 of 5 bubbles
"Marriott Vacation Club Pulse at Custom House, Boston",review_387644620,Service,5 of 5 bubbles
"Marriott Vacation Club Pulse at Custom House, Boston",review_387631154,Rooms,5 of 5 bubbles
"Marriott Vacation Club Pulse at Custom House, Boston",review_387631154,Cleanliness,5 of 5 bubbles
"Marriott Vacation Club Pulse at Custom House, Boston",review_387631154,Service,5 of 5 bubbles
"Marriott Vacation Club Pulse at Custom House, Boston",review_386775212,Location,5 of 5 bubbles
"Marriott Vacation Club Pulse at Custom House, Boston",review_386775212,Cleanliness,5 of 5 bubbles
"Marriott Vacation Club Pulse at Custom House, Boston",review_386775212,Service,5 of 5 bubbles
"Marriott Vacation Club Pulse at Custom House, Boston",review_380543293,Value,5 of 5 bubbles
"Marriott Vacation Club Pulse at Custom House, Boston",review_380543293,Cleanliness,5 of 5 bubbles
"Marriott Vacation Club Pulse at Custom House, Boston",review_380543293,Service,5 of 5 bubbles
"Marriott Vacation Club Pulse at Custom House, Boston",review_379372732,Rooms,5 of 5 bubbles
"Marriott Vacation Club Pulse at Custom House, Boston",review_379372732,Cleanliness,5 of 5 bubbles
"Marriott Vacation Club Pulse at Custom House, Boston",review_379372732,Service,5 of 5 bubbles
"Marriott Vacation Club Pulse at Custom House, Boston",review_378109172,Value,3 of 5 bubbles
"Marriott Vacation Club Pulse at Custom House, Boston",review_378109172,Location,5 of 5 bubbles
"Marriott Vacation Club Pulse at Custom House, Boston",review_378109172,Service,5 of 5 bubbles
"Marriott Vacation Club Pulse at Custom House, Boston",review_377913640,Sleep Quality,1 of 5 bubbles
"Marriott Vacation Club Pulse at Custom House, Boston",review_377913640,Rooms,5 of 5 bubbles
"Marriott Vacation Club Pulse at Custom House, Boston",review_377913640,Service,5 of 5 bubbles
"Marriott Vacation Club Pulse at Custom House, Boston",review_377290973,Rooms,5 of 5 bubbles
"Marriott Vacation Club Pulse at Custom House, Boston",review_377290973,Cleanliness,5 of 5 bubbles
"Marriott Vacation Club Pulse at Custom House, Boston",review_377290973,Service,5 of 5 bubbles
"Marriott Vacation Club Pulse at Custom House, Boston",review_375210972,Value,3 of 5 bubbles
"Marriott Vacation Club Pulse at Custom House, Boston",review_375210972,Rooms,4 of 5 bubbles
"Marriott Vacation Club Pulse at Custom House, Boston",review_375210972,Service,4 of 5 bubbles
"Marriott Vacation Club Pulse at Custom House, Boston",review_374541825,Rooms,5 of 5 bubbles
"Marriott Vacation Club Pulse at Custom House, Boston",review_374541825,Cleanliness,5 of 5 bubbles
"Marriott Vacation Club Pulse at Custom House, Boston",review_374541825,Service,5 of 5 bubbles
"Marriott Vacation Club Pulse at Custom House, Boston",review_373533354,Location,5 of 5 bubbles
"Marriott Vacation Club Pulse at Custom House, Boston",review_373533354,Sleep Quality,5 of 5 bubbles
"Marriott Vacation Club Pulse at Custom House, Boston",review_373533354,Service,5 of 5 bubbles
"Marriott Vacation Club Pulse at Custom House, Boston",review_369981787,Value,3 of 5 bubbles
"Marriott Vacation Club Pulse at Custom House, Boston",review_369981787,Rooms,5 of 5 bubbles
"Marriott Vacation Club Pulse at Custom House, Boston",review_369981787,Service,5 of 5 bubbles
"Marriott Vacation Club Pulse at Custom House, Boston",review_369371595,Location,5 of 5 bubbles
"Marriott Vacation Club Pulse at Custom House, Boston",review_369371595,Rooms,5 of 5 bubbles
"Marriott Vacation Club Pulse at Custom House, Boston",review_369371595,Service,4 of 5 bubbles
"Marriott Vacation Club Pulse at Custom House, Boston",review_368594646,Value,3 of 5 bubbles
"Marriott Vacation Club Pulse at Custom House, Boston",review_368594646,Rooms,5 of 5 bubbles
"Marriott Vacation Club Pulse at Custom House, Boston",review_368594646,Service,4 of 5 bubbles
"Marriott Vacation Club Pulse at Custom House, Boston",review_365907633,Value,5 of 5 bubbles
"Marriott Vacation Club Pulse at Custom House, Boston",review_365907633,Sleep Quality,4 of 5 bubbles
"Marriott Vacation Club Pulse at Custom House, Boston",review_365907633,Service,5 of 5 bubbles
"Marriott Vacation Club Pulse at Custom House, Boston",review_365882112,Location,5 of 5 bubbles
"Marriott Vacation Club Pulse at Custom House, Boston",review_365882112,Sleep Quality,4 of 5 bubbles
"Marriott Vacation Club Pulse at Custom House, Boston",review_365882112,Service,5 of 5 bubbles
"Marriott Vacation Club Pulse at Custom House, Boston",review_365140916,Value,5 of 5 bubbles
"Marriott Vacation Club Pulse at Custom House, Boston",review_365140916,Cleanliness,5 of 5 bubbles
"Marriott Vacation Club Pulse at Custom House, Boston",review_365140916,Service,5 of 5 bubbles
"Marriott Vacation Club Pulse at Custom House, Boston",review_364950543,Value,5 of 5 bubbles
"Marriott Vacation Club Pulse at Custom House, Boston",review_364950543,Rooms,5 of 5 bubbles
"Marriott Vacation Club Pulse at Custom House, Boston",review_364950543,Service,5 of 5 bubbles
"Marriott Vacation Club Pulse at Custom House, Boston",review_358437320,Location,5 of 5 bubbles
"Marriott Vacation Club Pulse at Custom House, Boston",review_358437320,Cleanliness,5 of 5 bubbles
"Marriott Vacation Club Pulse at Custom House, Boston",review_358437320,Service,5 of 5 bubbles
"Marriott Vacation Club Pulse at Custom House, Boston",review_356760119,Location,5 of 5 bubbles
"Marriott Vacation Club Pulse at Custom House, Boston",review_356760119,Rooms,5 of 5 bubbles
"Marriott Vacation Club Pulse at Custom House, Boston",review_356760119,Service,5 of 5 bubbles
"Marriott Vacation Club Pulse at Custom House, Boston",review_355819130,Value,5 of 5 bubbles
"Marriott Vacation Club Pulse at Custom House, Boston",review_355819130,Cleanliness,5 of 5 bubbles
"Marriott Vacation Club Pulse at Custom House, Boston",review_355819130,Service,5 of 5 bubbles
"Marriott Vacation Club Pulse at Custom House, Boston",review_352161855,Value,5 of 5 bubbles
"Marriott Vacation Club Pulse at Custom House, Boston",review_352161855,Sleep Quality,5 of 5 bubbles
"Marriott Vacation Club Pulse at Custom House, Boston",review_352161855,Service,5 of 5 bubbles
"Marriott Vacation Club Pulse at Custom House, Boston",review_352148100,Rooms,5 of 5 bubbles
"Marriott Vacation Club Pulse at Custom House, Boston",review_352148100,Cleanliness,5 of 5 bubbles
"Marriott Vacation Club Pulse at Custom House, Boston",review_352148100,Service,5 of 5 bubbles
"Marriott Vacation Club Pulse at Custom House, Boston",review_352146239,Rooms,5 of 5 bubbles
"Marriott Vacation Club Pulse at Custom House, Boston",review_352146239,Cleanliness,5 of 5 bubbles
"Marriott Vacation Club Pulse at Custom House, Boston",review_352146239,Service,5 of 5 bubbles
"Marriott Vacation Club Pulse at Custom House, Boston",review_351451355,Location,5 of 5 bubbles
"Marriott Vacation Club Pulse at Custom House, Boston",review_351451355,Rooms,5 of 5 bubbles
"Marriott Vacation Club Pulse at Custom House, Boston",review_351451355,Service,5 of 5 bubbles
"Marriott Vacation Club Pulse at Custom House, Boston",review_348166032,Location,5 of 5 bubbles
"Marriott Vacation Club Pulse at Custom House, Boston",review_348166032,Sleep Quality,5 of 5 bubbles
"Marriott Vacation Club Pulse at Custom House, Boston",review_348166032,Service,5 of 5 bubbles
"Marriott Vacation Club Pulse at Custom House, Boston",review_344303460,Sleep Quality,5 of 5 bubbles
"Marriott Vacation Club Pulse at Custom House, Boston",review_344303460,Rooms,5 of 5 bubbles
"Marriott Vacation Club Pulse at Custom House, Boston",review_344303460,Service,4 of 5 bubbles
"Marriott Vacation Club Pulse at Custom House, Boston",review_338676353,Location,5 of 5 bubbles
"Marriott Vacation Club Pulse at Custom House, Boston",review_338676353,Cleanliness,5 of 5 bubbles
"Marriott Vacation Club Pulse at Custom House, Boston",review_338676353,Service,5 of 5 bubbles
"Marriott Vacation Club Pulse at Custom House, Boston",review_337728619,Rooms,5 of 5 bubbles
"Marriott Vacation Club Pulse at Custom House, Boston",review_337728619,Service,5 of 5 bubbles
"Marriott Vacation Club Pulse at Custom House, Boston",review_337541716,Sleep Quality,5 of 5 bubbles
"Marriott Vacation Club Pulse at Custom House, Boston",review_337541716,Cleanliness,5 of 5 bubbles
"Marriott Vacation Club Pulse at Custom House, Boston",review_337541716,Service,5 of 5 bubbles
"Marriott Vacation Club Pulse at Custom House, Boston",review_336516369,Value,5 of 5 bubbles
"Marriott Vacation Club Pulse at Custom House, Boston",review_336516369,Cleanliness,5 of 5 bubbles
"Marriott Vacation Club Pulse at Custom House, Boston",review_336516369,Service,4 of 5 bubbles
"Marriott Vacation Club Pulse at Custom House, Boston",review_335462013,Sleep Quality,5 of 5 bubbles
"Marriott Vacation Club Pulse at Custom House, Boston",review_335462013,Cleanliness,5 of 5 bubbles
"Marriott Vacation Club Pulse at Custom House, Boston",review_335462013,Service,5 of 5 bubbles
"Marriott Vacation Club Pulse at Custom House, Boston",review_335137878,Sleep Quality,5 of 5 bubbles
"Marriott Vacation Club Pulse at Custom House, Boston",review_335137878,Rooms,5 of 5 bubbles
"Marriott Vacation Club Pulse at Custom House, Boston",review_335137878,Service,5 of 5 bubbles
"Marriott Vacation Club Pulse at Custom House, Boston",review_333578834,Value,5 of 5 bubbles
"Marriott Vacation Club Pulse at Custom House, Boston",review_333578834,Rooms,5 of 5 bubbles
"Marriott Vacation Club Pulse at Custom House, Boston",review_333578834,Service,5 of 5 bubbles
"Marriott Vacation Club Pulse at Custom House, Boston",review_330545471,Sleep Quality,4 of 5 bubbles
"Marriott Vacation Club Pulse at Custom House, Boston",review_330545471,Rooms,4 of 5 bubbles
"Marriott Vacation Club Pulse at Custom House, Boston",review_330545471,Service,5 of 5 bubbles
"Marriott Vacation Club Pulse at Custom House, Boston",review_330508885,Rooms,5 of 5 bubbles
"Marriott Vacation Club Pulse at Custom House, Boston",review_330508885,Cleanliness,5 of 5 bubbles
"Marriott Vacation Club Pulse at Custom House, Boston",review_330508885,Service,5 of 5 bubbles
"Marriott Vacation Club Pulse at Custom House, Boston",review_327434663,Location,5 of 5 bubbles
"Marriott Vacation Club Pulse at Custom House, Boston",review_327434663,Rooms,5 of 5 bubbles
"Marriott Vacation Club Pulse at Custom House, Boston",review_327434663,Service,5 of 5 bubbles
"Marriott Vacation Club Pulse at Custom House, Boston",review_326539926,Rooms,4 of 5 bubbles
"Marriott Vacation Club Pulse at Custom House, Boston",review_326539926,Cleanliness,5 of 5 bubbles
"Marriott Vacation Club Pulse at Custom House, Boston",review_326539926,Service,5 of 5 bubbles
"Marriott Vacation Club Pulse at Custom House, Boston",review_325707111,Location,5 of 5 bubbles
"Marriott Vacation Club Pulse at Custom House, Boston",review_325707111,Sleep Quality,5 of 5 bubbles
"Marriott Vacation Club Pulse at Custom House, Boston",review_325707111,Service,3 of 5 bubbles
"Marriott Vacation Club Pulse at Custom House, Boston",review_321343517,Value,5 of 5 bubbles
"Marriott Vacation Club Pulse at Custom House, Boston",review_321343517,Rooms,5 of 5 bubbles
"Marriott Vacation Club Pulse at Custom House, Boston",review_321343517,Service,5 of 5 bubbles
"Marriott Vacation Club Pulse at Custom House, Boston",review_317855149,Location,5 of 5 bubbles
"Marriott Vacation Club Pulse at Custom House, Boston",review_317855149,Cleanliness,5 of 5 bubbles
"Marriott Vacation Club Pulse at Custom House, Boston",review_317855149,Service,5 of 5 bubbles
"Marriott Vacation Club Pulse at Custom House, Boston",review_316864696,Sleep Quality,5 of 5 bubbles
"Marriott Vacation Club Pulse at Custom House, Boston",review_316864696,Rooms,5 of 5 bubbles
"Marriott Vacation Club Pulse at Custom House, Boston",review_316864696,Service,5 of 5 bubbles
"Marriott Vacation Club Pulse at Custom House, Boston",review_312375477,Value,4 of 5 bubbles
"Marriott Vacation Club Pulse at Custom House, Boston",review_312375477,Rooms,4 of 5 bubbles
"Marriott Vacation Club Pulse at Custom House, Boston",review_312375477,Service,5 of 5 bubbles
"Marriott Vacation Club Pulse at Custom House, Boston",review_311276687,Rooms,5 of 5 bubbles
"Marriott Vacation Club Pulse at Custom House, Boston",review_311276687,Cleanliness,5 of 5 bubbles
"Marriott Vacation Club Pulse at Custom House, Boston",review_311276687,Service,5 of 5 bubbles
"Marriott Vacation Club Pulse at Custom House, Boston",review_310749099,Value,5 of 5 bubbles
"Marriott Vacation Club Pulse at Custom House, Boston",review_310749099,Sleep Quality,5 of 5 bubbles
"Marriott Vacation Club Pulse at Custom House, Boston",review_310749099,Service,5 of 5 bubbles
"Marriott Vacation Club Pulse at Custom House, Boston",review_307346616,Sleep Quality,5 of 5 bubbles
"Marriott Vacation Club Pulse at Custom House, Boston",review_307346616,Cleanliness,5 of 5 bubbles
"Marriott Vacation Club Pulse at Custom House, Boston",review_307346616,Service,5 of 5 bubbles
"Marriott Vacation Club Pulse at Custom House, Boston",review_304223994,Value,5 of 5 bubbles
"Marriott Vacation Club Pulse at Custom House, Boston",review_304223994,Service,5 of 5 bubbles
"Marriott Vacation Club Pulse at Custom House, Boston",review_301070412,Location,5 of 5 bubbles
"Marriott Vacation Club Pulse at Custom House, Boston",review_301070412,Cleanliness,5 of 5 bubbles
"Marriott Vacation Club Pulse at Custom House, Boston",review_301070412,Service,5 of 5 bubbles
"Marriott Vacation Club Pulse at Custom House, Boston",review_298983350,Location,5 of 5 bubbles
"Marriott Vacation Club Pulse at Custom House, Boston",review_298983350,Cleanliness,5 of 5 bubbles
"Marriott Vacation Club Pulse at Custom House, Boston",review_298983350,Service,5 of 5 bubbles
"Marriott Vacation Club Pulse at Custom House, Boston",review_298759048,Sleep Quality,5 of 5 bubbles
"Marriott Vacation Club Pulse at Custom House, Boston",review_298759048,Rooms,5 of 5 bubbles
"Marriott Vacation Club Pulse at Custom House, Boston",review_298759048,Service,5 of 5 bubbles
"Marriott Vacation Club Pulse at Custom House, Boston",review_298477912,Location,5 of 5 bubbles
"Marriott Vacation Club Pulse at Custom House, Boston",review_298477912,Rooms,5 of 5 bubbles
"Marriott Vacation Club Pulse at Custom House, Boston",review_298477912,Service,5 of 5 bubbles
"Marriott Vacation Club Pulse at Custom House, Boston",review_295410467,Location,5 of 5 bubbles
"Marriott Vacation Club Pulse at Custom House, Boston",review_295410467,Sleep Quality,4 of 5 bubbles
"Marriott Vacation Club Pulse at Custom House, Boston",review_295410467,Service,4 of 5 bubbles
"Marriott Vacation Club Pulse at Custom House, Boston",review_292977910,Value,5 of 5 bubbles
"Marriott Vacation Club Pulse at Custom House, Boston",review_292977910,Cleanliness,5 of 5 bubbles
"Marriott Vacation Club Pulse at Custom House, Boston",review_292977910,Service,5 of 5 bubbles
"Marriott Vacation Club Pulse at Custom House, Boston",review_290881078,Rooms,5 of 5 bubbles
"Marriott Vacation Club Pulse at Custom House, Boston",review_290881078,Cleanliness,5 of 5 bubbles
"Marriott Vacation Club Pulse at Custom House, Boston",review_290881078,Service,5 of 5 bubbles
"Marriott Vacation Club Pulse at Custom House, Boston",review_290088707,Value,3 of 5 bubbles
"Marriott Vacation Club Pulse at Custom House, Boston",review_290088707,Sleep Quality,4 of 5 bubbles
"Marriott Vacation Club Pulse at Custom House, Boston",review_290088707,Service,5 of 5 bubbles
"Marriott Vacation Club Pulse at Custom House, Boston",review_289945650,Sleep Quality,5 of 5 bubbles
"Marriott Vacation Club Pulse at Custom House, Boston",review_289945650,Cleanliness,5 of 5 bubbles
"Marriott Vacation Club Pulse at Custom House, Boston",review_289945650,Service,5 of 5 bubbles
"Marriott Vacation Club Pulse at Custom House, Boston",review_287013375,Location,5 of 5 bubbles
"Marriott Vacation Club Pulse at Custom House, Boston",review_287013375,Rooms,5 of 5 bubbles
"Marriott Vacation Club Pulse at Custom House, Boston",review_287013375,Service,5 of 5 bubbles
"Marriott Vacation Club Pulse at Custom House, Boston",review_286724779,Value,5 of 5 bubbles
"Marriott Vacation Club Pulse at Custom House, Boston",review_286724779,Location,5 of 5 bubbles
"Marriott Vacation Club Pulse at Custom House, Boston",review_286724779,Service,5 of 5 bubbles
"Marriott Vacation Club Pulse at Custom House, Boston",review_286452586,Rooms,5 of 5 bubbles
"Marriott Vacation Club Pulse at Custom House, Boston",review_286452586,Cleanliness,5 of 5 bubbles
"Marriott Vacation Club Pulse at Custom House, Boston",review_286452586,Service,5 of 5 bubbles
"Marriott Vacation Club Pulse at Custom House, Boston",review_285258057,Sleep Quality,5 of 5 bubbles
"Marriott Vacation Club Pulse at Custom House, Boston",review_285258057,Cleanliness,5 of 5 bubbles
"Marriott Vacation Club Pulse at Custom House, Boston",review_285258057,Service,5 of 5 bubbles
"Marriott Vacation Club Pulse at Custom House, Boston",review_283575170,Value,4 of 5 bubbles
"Marriott Vacation Club Pulse at Custom House, Boston",review_283575170,Sleep Quality,5 of 5 bubbles
"Marriott Vacation Club Pulse at Custom House, Boston",review_283575170,Service,4 of 5 bubbles
"Marriott Vacation Club Pulse at Custom House, Boston",review_283004952,Location,5 of 5 bubbles
"Marriott Vacation Club Pulse at Custom House, Boston",review_283004952,Service,5 of 5 bubbles
"Marriott Vacation Club Pulse at Custom House, Boston",review_282868163,Value,4 of 5 bubbles
"Marriott Vacation Club Pulse at Custom House, Boston",review_282868163,Sleep Quality,5 of 5 bubbles
"Marriott Vacation Club Pulse at Custom House, Boston",review_282868163,Service,5 of 5 bubbles
"Marriott Vacation Club Pulse at Custom House, Boston",review_280407901,Sleep Quality,5 of 5 bubbles
"Marriott Vacation Club Pulse at Custom House, Boston",review_280407901,Cleanliness,5 of 5 bubbles
"Marriott Vacation Club Pulse at Custom House, Boston",review_280407901,Service,5 of 5 bubbles
"Marriott Vacation Club Pulse at Custom House, Boston",review_279047268,Sleep Quality,4 of 5 bubbles
"Marriott Vacation Club Pulse at Custom House, Boston",review_279047268,Rooms,4 of 5 bubbles
"Marriott Vacation Club Pulse at Custom House, Boston",review_279047268,Service,4 of 5 bubbles
"Marriott Vacation Club Pulse at Custom House, Boston",review_278634487,Location,5 of 5 bubbles
"Marriott Vacation Club Pulse at Custom House, Boston",review_278634487,Sleep Quality,5 of 5 bubbles
"Marriott Vacation Club Pulse at Custom House, Boston",review_278634487,Service,5 of 5 bubbles
"Marriott Vacation Club Pulse at Custom House, Boston",review_277703906,Location,5 of 5 bubbles
"Marriott Vacation Club Pulse at Custom House, Boston",review_277703906,Cleanliness,5 of 5 bubbles
"Marriott Vacation Club Pulse at Custom House, Boston",review_277703906,Service,3 of 5 bubbles
"Marriott Vacation Club Pulse at Custom House, Boston",review_277660529,Value,4 of 5 bubbles
"Marriott Vacation Club Pulse at Custom House, Boston",review_277660529,Sleep Quality,5 of 5 bubbles
"Marriott Vacation Club Pulse at Custom House, Boston",review_277660529,Service,5 of 5 bubbles
"Marriott Vacation Club Pulse at Custom House, Boston",review_277409693,Value,5 of 5 bubbles
"Marriott Vacation Club Pulse at Custom House, Boston",review_277409693,Sleep Quality,5 of 5 bubbles
"Marriott Vacation Club Pulse at Custom House, Boston",review_277409693,Service,5 of 5 bubbles
"Marriott Vacation Club Pulse at Custom House, Boston",review_275818242,Location,5 of 5 bubbles
"Marriott Vacation Club Pulse at Custom House, Boston",review_275818242,Cleanliness,5 of 5 bubbles
"Marriott Vacation Club Pulse at Custom House, Boston",review_275818242,Service,5 of 5 bubbles
"Marriott Vacation Club Pulse at Custom House, Boston",review_274832900,Rooms,4 of 5 bubbles
"Marriott Vacation Club Pulse at Custom House, Boston",review_274832900,Cleanliness,3 of 5 bubbles
"Marriott Vacation Club Pulse at Custom House, Boston",review_274225797,Location,5 of 5 bubbles
"Marriott Vacation Club Pulse at Custom House, Boston",review_274225797,Cleanliness,5 of 5 bubbles
"Marriott Vacation Club Pulse at Custom House, Boston",review_274225797,Service,5 of 5 bubbles
"Marriott Vacation Club Pulse at Custom House, Boston",review_274093672,Location,5 of 5 bubbles
"Marriott Vacation Club Pulse at Custom House, Boston",review_274093672,Sleep Quality,5 of 5 bubbles
"Marriott Vacation Club Pulse at Custom House, Boston",review_274093672,Service,5 of 5 bubbles
"Marriott Vacation Club Pulse at Custom House, Boston",review_274008416,Value,3 of 5 bubbles
"Marriott Vacation Club Pulse at Custom House, Boston",review_274008416,Rooms,4 of 5 bubbles
"Marriott Vacation Club Pulse at Custom House, Boston",review_274008416,Service,5 of 5 bubbles
"Marriott Vacation Club Pulse at Custom House, Boston",review_273804822,Location,5 of 5 bubbles
"Marriott Vacation Club Pulse at Custom House, Boston",review_273804822,Rooms,5 of 5 bubbles
"Marriott Vacation Club Pulse at Custom House, Boston",review_273804822,Service,5 of 5 bubbles
"Marriott Vacation Club Pulse at Custom House, Boston",review_273072285,Location,5 of 5 bubbles
"Marriott Vacation Club Pulse at Custom House, Boston",review_273072285,Cleanliness,5 of 5 bubbles
"Marriott Vacation Club Pulse at Custom House, Boston",review_273072285,Service,5 of 5 bubbles
"Marriott Vacation Club Pulse at Custom House, Boston",review_272794921,Location,5 of 5 bubbles
"Marriott Vacation Club Pulse at Custom House, Boston",review_272794921,Cleanliness,3 of 5 bubbles
"Marriott Vacation Club Pulse at Custom House, Boston",review_272794921,Service,4 of 5 bubbles
"Marriott Vacation Club Pulse at Custom House, Boston",review_272364412,Value,4 of 5 bubbles
"Marriott Vacation Club Pulse at Custom House, Boston",review_272364412,Cleanliness,4 of 5 bubbles
"Marriott Vacation Club Pulse at Custom House, Boston",review_272364412,Service,5 of 5 bubbles
"Marriott Vacation Club Pulse at Custom House, Boston",review_271540935,Rooms,5 of 5 bubbles
"Marriott Vacation Club Pulse at Custom House, Boston",review_271540935,Cleanliness,5 of 5 bubbles
"Marriott Vacation Club Pulse at Custom House, Boston",review_271540935,Service,5 of 5 bubbles
"Marriott Vacation Club Pulse at Custom House, Boston",review_270996090,Value,4 of 5 bubbles
"Marriott Vacation Club Pulse at Custom House, Boston",review_270996090,Cleanliness,4 of 5 bubbles
"Marriott Vacation Club Pulse at Custom House, Boston",review_270996090,Service,4 of 5 bubbles
"Marriott Vacation Club Pulse at Custom House, Boston",review_270903575,Location,5 of 5 bubbles
"Marriott Vacation Club Pulse at Custom House, Boston",review_270903575,Cleanliness,5 of 5 bubbles
"Marriott Vacation Club Pulse at Custom House, Boston",review_270903575,Service,5 of 5 bubbles
"Marriott Vacation Club Pulse at Custom House, Boston",review_270561426,Location,5 of 5 bubbles
"Marriott Vacation Club Pulse at Custom House, Boston",review_270561426,Rooms,5 of 5 bubbles
"Marriott Vacation Club Pulse at Custom House, Boston",review_270561426,Service,5 of 5 bubbles
"Marriott Vacation Club Pulse at Custom House, Boston",review_267551768,Rooms,5 of 5 bubbles
"Marriott Vacation Club Pulse at Custom House, Boston",review_267551768,Cleanliness,5 of 5 bubbles
"Marriott Vacation Club Pulse at Custom House, Boston",review_267551768,Service,5 of 5 bubbles
"Marriott Vacation Club Pulse at Custom House, Boston",review_267204447,Rooms,5 of 5 bubbles
"Marriott Vacation Club Pulse at Custom House, Boston",review_267204447,Cleanliness,5 of 5 bubbles
"Marriott Vacation Club Pulse at Custom House, Boston",review_267204447,Service,5 of 5 bubbles
"Marriott Vacation Club Pulse at Custom House, Boston",review_265007603,Location,5 of 5 bubbles
"Marriott Vacation Club Pulse at Custom House, Boston",review_265007603,Cleanliness,5 of 5 bubbles
"Marriott Vacation Club Pulse at Custom House, Boston",review_265007603,Service,5 of 5 bubbles
"Marriott Vacation Club Pulse at Custom House, Boston",review_264558413,Value,5 of 5 bubbles
"Marriott Vacation Club Pulse at Custom House, Boston",review_264558413,Location,5 of 5 bubbles
"Marriott Vacation Club Pulse at Custom House, Boston",review_264558413,Service,5 of 5 bubbles
"Marriott Vacation Club Pulse at Custom House, Boston",review_263126635,Value,5 of 5 bubbles
"Marriott Vacation Club Pulse at Custom House, Boston",review_263126635,Location,5 of 5 bubbles
"Marriott Vacation Club Pulse at Custom House, Boston",review_263126635,Service,5 of 5 bubbles
"Marriott Vacation Club Pulse at Custom House, Boston",review_259858090,Value,5 of 5 bubbles
"Marriott Vacation Club Pulse at Custom House, Boston",review_259858090,Rooms,5 of 5 bubbles
"Marriott Vacation Club Pulse at Custom House, Boston",review_259858090,Service,5 of 5 bubbles
"Marriott Vacation Club Pulse at Custom House, Boston",review_258479124,Sleep Quality,1 of 5 bubbles
"Marriott Vacation Club Pulse at Custom House, Boston",review_258479124,Cleanliness,4 of 5 bubbles
"Marriott Vacation Club Pulse at Custom House, Boston",review_258479124,Service,3 of 5 bubbles
"Marriott Vacation Club Pulse at Custom House, Boston",review_258444813,Value,5 of 5 bubbles
"Marriott Vacation Club Pulse at Custom House, Boston",review_258444813,Cleanliness,5 of 5 bubbles
"Marriott Vacation Club Pulse at Custom House, Boston",review_258444813,Service,5 of 5 bubbles
"Marriott Vacation Club Pulse at Custom House, Boston",review_257547669,Value,4 of 5 bubbles
"Marriott Vacation Club Pulse at Custom House, Boston",review_257547669,Rooms,5 of 5 bubbles
"Marriott Vacation Club Pulse at Custom House, Boston",review_257547669,Service,4 of 5 bubbles
"Marriott Vacation Club Pulse at Custom House, Boston",review_257509492,Rooms,5 of 5 bubbles
"Marriott Vacation Club Pulse at Custom House, Boston",review_257509492,Cleanliness,5 of 5 bubbles
"Marriott Vacation Club Pulse at Custom House, Boston",review_257509492,Service,5 of 5 bubbles
"Marriott Vacation Club Pulse at Custom House, Boston",review_257275106,Location,5 of 5 bubbles
"Marriott Vacation Club Pulse at Custom House, Boston",review_257275106,Rooms,5 of 5 bubbles
"Marriott Vacation Club Pulse at Custom House, Boston",review_257275106,Service,5 of 5 bubbles
"Marriott Vacation Club Pulse at Custom House, Boston",review_256977695,Value,4 of 5 bubbles
"Marriott Vacation Club Pulse at Custom House, Boston",review_256977695,Cleanliness,5 of 5 bubbles
"Marriott Vacation Club Pulse at Custom House, Boston",review_256977695,Service,5 of 5 bubbles
"Marriott Vacation Club Pulse at Custom House, Boston",review_256356670,Location,5 of 5 bubbles
"Marriott Vacation Club Pulse at Custom House, Boston",review_256356670,Rooms,5 of 5 bubbles
"Marriott Vacation Club Pulse at Custom House, Boston",review_256356670,Service,5 of 5 bubbles
"Marriott Vacation Club Pulse at Custom House, Boston",review_256056309,Value,4 of 5 bubbles
"Marriott Vacation Club Pulse at Custom House, Boston",review_256056309,Location,5 of 5 bubbles
"Marriott Vacation Club Pulse at Custom House, Boston",review_256056309,Service,5 of 5 bubbles
"Marriott Vacation Club Pulse at Custom House, Boston",review_254968945,Value,5 of 5 bubbles
"Marriott Vacation Club Pulse at Custom House, Boston",review_254968945,Cleanliness,5 of 5 bubbles
"Marriott Vacation Club Pulse at Custom House, Boston",review_254968945,Service,5 of 5 bubbles
"Marriott Vacation Club Pulse at Custom House, Boston",review_253969403,Value,5 of 5 bubbles
"Marriott Vacation Club Pulse at Custom House, Boston",review_253969403,Sleep Quality,5 of 5 bubbles
"Marriott Vacation Club Pulse at Custom House, Boston",review_253969403,Service,5 of 5 bubbles
"Marriott Vacation Club Pulse at Custom House, Boston",review_253859433,Location,5 of 5 bubbles
"Marriott Vacation Club Pulse at Custom House, Boston",review_253859433,Sleep Quality,5 of 5 bubbles
"Marriott Vacation Club Pulse at Custom House, Boston",review_253859433,Service,5 of 5 bubbles
"Marriott Vacation Club Pulse at Custom House, Boston",review_253762724,Sleep Quality,5 of 5 bubbles
"Marriott Vacation Club Pulse at Custom House, Boston",review_253762724,Cleanliness,5 of 5 bubbles
"Marriott Vacation Club Pulse at Custom House, Boston",review_253762724,Service,5 of 5 bubbles
"Marriott Vacation Club Pulse at Custom House, Boston",review_253757313,Location,5 of 5 bubbles
"Marriott Vacation Club Pulse at Custom House, Boston",review_253757313,Cleanliness,5 of 5 bubbles
"Marriott Vacation Club Pulse at Custom House, Boston",review_253757313,Service,5 of 5 bubbles
"Marriott Vacation Club Pulse at Custom House, Boston",review_253366682,Value,4 of 5 bubbles
"Marriott Vacation Club Pulse at Custom House, Boston",review_253366682,Location,5 of 5 bubbles
"Marriott Vacation Club Pulse at Custom House, Boston",review_253366682,Service,5 of 5 bubbles
"Marriott Vacation Club Pulse at Custom House, Boston",review_251237131,Rooms,5 of 5 bubbles
"Marriott Vacation Club Pulse at Custom House, Boston",review_251237131,Cleanliness,4 of 5 bubbles
"Marriott Vacation Club Pulse at Custom House, Boston",review_251237131,Service,4 of 5 bubbles
"Marriott Vacation Club Pulse at Custom House, Boston",review_250819804,Value,3 of 5 bubbles
"Marriott Vacation Club Pulse at Custom House, Boston",review_250819804,Sleep Quality,4 of 5 bubbles
"Marriott Vacation Club Pulse at Custom House, Boston",review_250819804,Service,5 of 5 bubbles
"Marriott Vacation Club Pulse at Custom House, Boston",review_250242101,Rooms,5 of 5 bubbles
"Marriott Vacation Club Pulse at Custom House, Boston",review_250242101,Cleanliness,5 of 5 bubbles
"Marriott Vacation Club Pulse at Custom House, Boston",review_250242101,Service,5 of 5 bubbles
"Marriott Vacation Club Pulse at Custom House, Boston",review_249717479,Location,5 of 5 bubbles
"Marriott Vacation Club Pulse at Custom House, Boston",review_249717479,Cleanliness,4 of 5 bubbles
"Marriott Vacation Club Pulse at Custom House, Boston",review_249717479,Service,5 of 5 bubbles
"Marriott Vacation Club Pulse at Custom House, Boston",review_248870045,Rooms,5 of 5 bubbles
"Marriott Vacation Club Pulse at Custom House, Boston",review_248870045,Cleanliness,5 of 5 bubbles
"Marriott Vacation Club Pulse at Custom House, Boston",review_248870045,Service,5 of 5 bubbles
"Marriott Vacation Club Pulse at Custom House, Boston",review_248507864,Value,5 of 5 bubbles
"Marriott Vacation Club Pulse at Custom House, Boston",review_248507864,Cleanliness,5 of 5 bubbles
"Marriott Vacation Club Pulse at Custom House, Boston",review_248507864,Service,5 of 5 bubbles
"Marriott Vacation Club Pulse at Custom House, Boston",review_247095914,Value,5 of 5 bubbles
"Marriott Vacation Club Pulse at Custom House, Boston",review_247095914,Location,5 of 5 bubbles
"Marriott Vacation Club Pulse at Custom House, Boston",review_247095914,Service,5 of 5 bubbles
"Marriott Vacation Club Pulse at Custom House, Boston",review_246979454,Value,5 of 5 bubbles
"Marriott Vacation Club Pulse at Custom House, Boston",review_246979454,Rooms,5 of 5 bubbles
"Marriott Vacation Club Pulse at Custom House, Boston",review_246979454,Service,5 of 5 bubbles
"Marriott Vacation Club Pulse at Custom House, Boston",review_246599509,Value,5 of 5 bubbles
"Marriott Vacation Club Pulse at Custom House, Boston",review_246599509,Location,5 of 5 bubbles
"Marriott Vacation Club Pulse at Custom House, Boston",review_246599509,Service,5 of 5 bubbles
"Marriott Vacation Club Pulse at Custom House, Boston",review_246430544,Location,5 of 5 bubbles
"Marriott Vacation Club Pulse at Custom House, Boston",review_246430544,Rooms,5 of 5 bubbles
"Marriott Vacation Club Pulse at Custom House, Boston",review_246430544,Service,5 of 5 bubbles
"Marriott Vacation Club Pulse at Custom House, Boston",review_246358700,Value,5 of 5 bubbles
"Marriott Vacation Club Pulse at Custom House, Boston",review_246358700,Sleep Quality,5 of 5 bubbles
"Marriott Vacation Club Pulse at Custom House, Boston",review_246358700,Service,5 of 5 bubbles
"Marriott Vacation Club Pulse at Custom House, Boston",review_245420010,Sleep Quality,5 of 5 bubbles
"Marriott Vacation Club Pulse at Custom House, Boston",review_245420010,Service,5 of 5 bubbles
"Marriott Vacation Club Pulse at Custom House, Boston",review_244818801,Rooms,5 of 5 bubbles
"Marriott Vacation Club Pulse at Custom House, Boston",review_244818801,Cleanliness,5 of 5 bubbles
"Marriott Vacation Club Pulse at Custom House, Boston",review_244818801,Service,5 of 5 bubbles
"Marriott Vacation Club Pulse at Custom House, Boston",review_244610254,Sleep Quality,5 of 5 bubbles
"Marriott Vacation Club Pulse at Custom House, Boston",review_244610254,Rooms,4 of 5 bubbles
"Marriott Vacation Club Pulse at Custom House, Boston",review_244610254,Service,5 of 5 bubbles
"Marriott Vacation Club Pulse at Custom House, Boston",review_244059428,Location,5 of 5 bubbles
"Marriott Vacation Club Pulse at Custom House, Boston",review_244059428,Cleanliness,5 of 5 bubbles
"Marriott Vacation Club Pulse at Custom House, Boston",review_244059428,Service,5 of 5 bubbles
"Marriott Vacation Club Pulse at Custom House, Boston",review_243676272,Sleep Quality,5 of 5 bubbles
"Marriott Vacation Club Pulse at Custom House, Boston",review_243676272,Cleanliness,5 of 5 bubbles
"Marriott Vacation Club Pulse at Custom House, Boston",review_243676272,Service,5 of 5 bubbles
"Marriott Vacation Club Pulse at Custom House, Boston",review_242948251,Location,5 of 5 bubbles
"Marriott Vacation Club Pulse at Custom House, Boston",review_242948251,Rooms,5 of 5 bubbles
"Marriott Vacation Club Pulse at Custom House, Boston",review_242948251,Service,5 of 5 bubbles
"Marriott Vacation Club Pulse at Custom House, Boston",review_242762317,Value,5 of 5 bubbles
"Marriott Vacation Club Pulse at Custom House, Boston",review_242762317,Location,5 of 5 bubbles
"Marriott Vacation Club Pulse at Custom House, Boston",review_242762317,Service,5 of 5 bubbles
"Marriott Vacation Club Pulse at Custom House, Boston",review_242616275,Location,5 of 5 bubbles
"Marriott Vacation Club Pulse at Custom House, Boston",review_242616275,Rooms,5 of 5 bubbles
"Marriott Vacation Club Pulse at Custom House, Boston",review_242616275,Service,5 of 5 bubbles
"Marriott Vacation Club Pulse at Custom House, Boston",review_241946409,Location,5 of 5 bubbles
"Marriott Vacation Club Pulse at Custom House, Boston",review_241946409,Sleep Quality,5 of 5 bubbles
"Marriott Vacation Club Pulse at Custom House, Boston",review_241946409,Service,5 of 5 bubbles
"Marriott Vacation Club Pulse at Custom House, Boston",review_241725795,Location,5 of 5 bubbles
"Marriott Vacation Club Pulse at Custom House, Boston",review_241725795,Sleep Quality,5 of 5 bubbles
"Marriott Vacation Club Pulse at Custom House, Boston",review_241725795,Service,5 of 5 bubbles
"Marriott Vacation Club Pulse at Custom House, Boston",review_241182887,Value,3 of 5 bubbles
"Marriott Vacation Club Pulse at Custom House, Boston",review_241182887,Location,5 of 5 bubbles
"Marriott Vacation Club Pulse at Custom House, Boston",review_241182887,Service,4 of 5 bubbles
"Marriott Vacation Club Pulse at Custom House, Boston",review_240447031,Sleep Quality,4 of 5 bubbles
"Marriott Vacation Club Pulse at Custom House, Boston",review_240447031,Cleanliness,4 of 5 bubbles
"Marriott Vacation Club Pulse at Custom House, Boston",review_240447031,Service,5 of 5 bubbles
"Marriott Vacation Club Pulse at Custom House, Boston",review_240416089,Value,5 of 5 bubbles
"Marriott Vacation Club Pulse at Custom House, Boston",review_240416089,Sleep Quality,5 of 5 bubbles
"Marriott Vacation Club Pulse at Custom House, Boston",review_240416089,Service,5 of 5 bubbles
"Marriott Vacation Club Pulse at Custom House, Boston",review_238413762,Value,5 of 5 bubbles
"Marriott Vacation Club Pulse at Custom House, Boston",review_238413762,Location,5 of 5 bubbles
"Marriott Vacation Club Pulse at Custom House, Boston",review_238413762,Rooms,5 of 5 bubbles
"Marriott Vacation Club Pulse at Custom House, Boston",review_238413762,Cleanliness,5 of 5 bubbles
"Marriott Vacation Club Pulse at Custom House, Boston",review_238413762,Service,5 of 5 bubbles
"Marriott Vacation Club Pulse at Custom House, Boston",review_238388716,Sleep Quality,5 of 5 bubbles
"Marriott Vacation Club Pulse at Custom House, Boston",review_238388716,Cleanliness,5 of 5 bubbles
"Marriott Vacation Club Pulse at Custom House, Boston",review_238388716,Service,5 of 5 bubbles
"Marriott Vacation Club Pulse at Custom House, Boston",review_237863884,Sleep Quality,5 of 5 bubbles
"Marriott Vacation Club Pulse at Custom House, Boston",review_237863884,Cleanliness,5 of 5 bubbles
"Marriott Vacation Club Pulse at Custom House, Boston",review_237863884,Service,5 of 5 bubbles
"Marriott Vacation Club Pulse at Custom House, Boston",review_235566266,Sleep Quality,5 of 5 bubbles
"Marriott Vacation Club Pulse at Custom House, Boston",review_235566266,Rooms,5 of 5 bubbles
"Marriott Vacation Club Pulse at Custom House, Boston",review_235566266,Service,5 of 5 bubbles
"Marriott Vacation Club Pulse at Custom House, Boston",review_235362777,Rooms,5 of 5 bubbles
"Marriott Vacation Club Pulse at Custom House, Boston",review_235362777,Cleanliness,5 of 5 bubbles
"Marriott Vacation Club Pulse at Custom House, Boston",review_235362777,Service,5 of 5 bubbles
"Marriott Vacation Club Pulse at Custom House, Boston",review_235258725,Sleep Quality,5 of 5 bubbles
"Marriott Vacation Club Pulse at Custom House, Boston",review_235258725,Cleanliness,5 of 5 bubbles
"Marriott Vacation Club Pulse at Custom House, Boston",review_235258725,Service,5 of 5 bubbles
"Marriott Vacation Club Pulse at Custom House, Boston",review_234707727,Rooms,5 of 5 bubbles
"Marriott Vacation Club Pulse at Custom House, Boston",review_234707727,Cleanliness,5 of 5 bubbles
"Marriott Vacation Club Pulse at Custom House, Boston",review_234707727,Service,4 of 5 bubbles
"Marriott Vacation Club Pulse at Custom House, Boston",review_234131898,Value,1 of 5 bubbles
"Marriott Vacation Club Pulse at Custom House, Boston",review_234131898,Cleanliness,4 of 5 bubbles
"Marriott Vacation Club Pulse at Custom House, Boston",review_234131898,Service,1 of 5 bubbles
"Marriott Vacation Club Pulse at Custom House, Boston",review_233799848,Value,5 of 5 bubbles
"Marriott Vacation Club Pulse at Custom House, Boston",review_233799848,Sleep Quality,5 of 5 bubbles
"Marriott Vacation Club Pulse at Custom House, Boston",review_233799848,Service,5 of 5 bubbles
"Marriott Vacation Club Pulse at Custom House, Boston",review_233629619,Value,4 of 5 bubbles
"Marriott Vacation Club Pulse at Custom House, Boston",review_233629619,Location,5 of 5 bubbles
"Marriott Vacation Club Pulse at Custom House, Boston",review_233629619,Service,5 of 5 bubbles
"Marriott Vacation Club Pulse at Custom House, Boston",review_232471849,Location,5 of 5 bubbles
"Marriott Vacation Club Pulse at Custom House, Boston",review_232471849,Rooms,5 of 5 bubbles
"Marriott Vacation Club Pulse at Custom House, Boston",review_232471849,Service,5 of 5 bubbles
"Marriott Vacation Club Pulse at Custom House, Boston",review_232281784,Rooms,5 of 5 bubbles
"Marriott Vacation Club Pulse at Custom House, Boston",review_232281784,Cleanliness,5 of 5 bubbles
"Marriott Vacation Club Pulse at Custom House, Boston",review_232281784,Service,5 of 5 bubbles
"Marriott Vacation Club Pulse at Custom House, Boston",review_232073069,Sleep Quality,5 of 5 bubbles
"Marriott Vacation Club Pulse at Custom House, Boston",review_232073069,Rooms,5 of 5 bubbles
"Marriott Vacation Club Pulse at Custom House, Boston",review_232073069,Service,5 of 5 bubbles
"Marriott Vacation Club Pulse at Custom House, Boston",review_230716629,Location,5 of 5 bubbles
"Marriott Vacation Club Pulse at Custom House, Boston",review_229108522,Sleep Quality,3 of 5 bubbles
"Marriott Vacation Club Pulse at Custom House, Boston",review_229108522,Cleanliness,4 of 5 bubbles
"Marriott Vacation Club Pulse at Custom House, Boston",review_229108522,Service,3 of 5 bubbles
"Marriott Vacation Club Pulse at Custom House, Boston",review_228190868,Value,5 of 5 bubbles
"Marriott Vacation Club Pulse at Custom House, Boston",review_228190868,Rooms,5 of 5 bubbles
"Marriott Vacation Club Pulse at Custom House, Boston",review_228190868,Service,5 of 5 bubbles
"Marriott Vacation Club Pulse at Custom House, Boston",review_227148746,Sleep Quality,3 of 5 bubbles
"Marriott Vacation Club Pulse at Custom House, Boston",review_227148746,Cleanliness,5 of 5 bubbles
"Marriott Vacation Club Pulse at Custom House, Boston",review_227148746,Service,5 of 5 bubbles
